{
	"class_name" : "PinholeCameraParameters",
	"extrinsic" : 
	[
		0.84201024558989557,
		-0.079375212699508674,
		0.53359003170088515,
		0.0,
		0.10622147134251611,
		0.99414668690133012,
		-0.019732307238133281,
		0.0,
		-0.52890050609493167,
		0.073293523124603716,
		0.84551304787123693,
		0.0,
		17.172327796166478,
		-2.5614744403912253,
		-21.927690215517629,
		1.0
	],
	"intrinsic" : 
	{
		"height" : 1080,
		"intrinsic_matrix" : 
		[
			935.30743608719411,
			0.0,
			0.0,
			0.0,
			935.30743608719411,
			0.0,
			959.5,
			539.5,
			1.0
		],
		"width" : 1920
	},
	"version_major" : 1,
	"version_minor" : 0
}